Instruction,Input,Response
"Determine the location of the device using the sensor readings. Possible locations include: Meeting Room, Charging Station, Server Rack.","1019.8,64.15,21.57,65.32,9,0,6,141",### Response:
"Using the sensor data values recorded on a device, determine the location of the device. The possible locations are: Meeting Room, Charging Station, Server Rack.","1018.6,67.57,18.28,33.84,7,7,9,149",### Response:
"Based on the sensor data values provided, specify the location of the device. The options are: Meeting Room, Charging Station, Server Rack.","1000.19,45.73,25.19,37.81,8,3,5,175",### Response:
"Using the sensor data values recorded on a device, determine the location of the device. The possible locations are: Meeting Room, Charging Station, Server Rack.","1003.62,30.59,19.96,38.19,3,7,6,102",### Response:
"Determine the location of the device using the sensor readings. Possible locations include: Meeting Room, Charging Station, Server Rack.","1015.55,31.83,23.44,37.77,4,3,7,134",### Response:
"Determine the location of the device using the sensor readings. Possible locations include: Meeting Room, Charging Station, Server Rack.","1002.71,36.16,20.28,50.4,2,5,4,85",### Response:
"Based on the sensor data values provided, specify the location of the device. The options are: Meeting Room, Charging Station, Server Rack.","1009.65,32.07,26.2,34.91,1,9,4,94",### Response:
"Determine the location of the device using the sensor readings. Possible locations include: Meeting Room, Charging Station, Server Rack.","1019.53,45.41,28.28,51.39,7,1,3,177",### Response:
"Determine the location of the device using the sensor readings. Possible locations include: Meeting Room, Charging Station, Server Rack.","1008.56,57.64,27.96,30.3,5,5,1,185",### Response:
"Determine the location of the device using the sensor readings. Possible locations include: Meeting Room, Charging Station, Server Rack.","1007.99,48.88,29.0,63.43,5,0,4,80",### Response:
"Given the sensor values, identify the location of the device from the following options: Meeting Room, Charging Station, Server Rack.","1016.22,42.13,23.46,59.17,8,9,0,64",### Response:
"Using the sensor data values recorded on a device, determine the location of the device. The possible locations are: Meeting Room, Charging Station, Server Rack.","1006.26,39.36,18.75,47.08,4,9,3,176",### Response:
"Analyze the given sensor data values and identify the device's location. Choose from: Meeting Room, Charging Station, Server Rack.","1016.9,60.49,21.79,66.14,8,8,3,121",### Response:
"Based on the sensor data values provided, specify the location of the device. The options are: Meeting Room, Charging Station, Server Rack.","1018.9,38.84,21.84,36.84,3,4,8,160",### Response:
"Using the sensor data values recorded on a device, determine the location of the device. The possible locations are: Meeting Room, Charging Station, Server Rack.","1002.0,55.65,28.36,54.76,7,9,0,135",### Response:
"Based on the sensor data values provided, specify the location of the device. The options are: Meeting Room, Charging Station, Server Rack.","1000.51,59.78,23.42,40.9,1,0,9,101",### Response:
"Using the sensor data values recorded on a device, determine the location of the device. The possible locations are: Meeting Room, Charging Station, Server Rack.","1011.67,33.57,25.54,69.57,3,8,8,142",### Response:
"Given the sensor values, identify the location of the device from the following options: Meeting Room, Charging Station, Server Rack.","1013.44,55.43,19.68,38.5,7,5,4,178",### Response:
"Analyze the given sensor data values and identify the device's location. Choose from: Meeting Room, Charging Station, Server Rack.","1011.98,65.87,26.3,42.79,9,1,1,187",### Response:
"Given the sensor values, identify the location of the device from the following options: Meeting Room, Charging Station, Server Rack.","1004.25,44.95,22.59,58.04,1,1,8,72",### Response:
"Determine the location of the device using the sensor readings. Possible locations include: Meeting Room, Charging Station, Server Rack.","1012.75,50.55,29.0,48.74,2,6,0,190",### Response:
"Given the sensor values, identify the location of the device from the following options: Meeting Room, Charging Station, Server Rack.","1014.65,38.98,23.15,51.92,8,1,2,130",### Response:
"Given the sensor values, identify the location of the device from the following options: Meeting Room, Charging Station, Server Rack.","1011.67,62.5,24.91,32.83,9,8,5,57",### Response:
"Analyze the given sensor data values and identify the device's location. Choose from: Meeting Room, Charging Station, Server Rack.","1002.05,30.01,26.4,67.87,0,6,3,109",### Response:
"Analyze the given sensor data values and identify the device's location. Choose from: Meeting Room, Charging Station, Server Rack.","1000.51,33.93,24.44,47.89,4,3,0,189",### Response:
"Given the sensor values, identify the location of the device from the following options: Meeting Room, Charging Station, Server Rack.","1017.01,39.99,22.75,48.72,7,7,7,66",### Response:
"Determine the location of the device using the sensor readings. Possible locations include: Meeting Room, Charging Station, Server Rack.","1017.56,52.78,29.87,32.56,1,1,0,129",### Response:
"Analyze the given sensor data values and identify the device's location. Choose from: Meeting Room, Charging Station, Server Rack.","1007.07,63.91,22.95,32.44,7,1,8,189",### Response:
"Given the sensor values, identify the location of the device from the following options: Meeting Room, Charging Station, Server Rack.","1017.96,59.72,24.99,62.24,9,1,0,91",### Response:
"Using the sensor data values recorded on a device, determine the location of the device. The possible locations are: Meeting Room, Charging Station, Server Rack.","1014.44,62.47,20.3,31.5,9,4,6,191",### Response:
"Given the sensor values, identify the location of the device from the following options: Meeting Room, Charging Station, Server Rack.","1007.03,52.42,26.21,45.01,9,2,4,61",### Response:
"Determine the location of the device using the sensor readings. Possible locations include: Meeting Room, Charging Station, Server Rack.","1016.88,36.99,22.35,68.77,2,4,5,161",### Response:
"Based on the sensor data values provided, specify the location of the device. The options are: Meeting Room, Charging Station, Server Rack.","1006.09,40.12,18.39,68.54,1,8,0,152",### Response:
"Based on the sensor data values provided, specify the location of the device. The options are: Meeting Room, Charging Station, Server Rack.","1014.76,59.8,26.32,38.8,0,4,9,107",### Response:
"Analyze the given sensor data values and identify the device's location. Choose from: Meeting Room, Charging Station, Server Rack.","1013.37,51.28,20.25,65.88,7,4,1,84",### Response:
"Given the sensor values, identify the location of the device from the following options: Meeting Room, Charging Station, Server Rack.","1002.88,41.48,19.97,47.85,8,3,0,76",### Response:
"Determine the location of the device using the sensor readings. Possible locations include: Meeting Room, Charging Station, Server Rack.","1014.4,66.17,18.98,60.28,8,0,3,165",### Response:
"Based on the sensor data values provided, specify the location of the device. The options are: Meeting Room, Charging Station, Server Rack.","1000.87,48.21,18.45,64.96,5,0,7,165",### Response:
"Using the sensor data values recorded on a device, determine the location of the device. The possible locations are: Meeting Room, Charging Station, Server Rack.","1011.8,67.89,26.76,67.13,3,6,8,71",### Response:
"Given the sensor values, identify the location of the device from the following options: Meeting Room, Charging Station, Server Rack.","1009.69,68.02,18.33,39.39,8,9,5,71",### Response:
"Based on the sensor data values provided, specify the location of the device. The options are: Meeting Room, Charging Station, Server Rack.","1011.04,35.45,20.02,51.72,2,4,8,144",### Response:
"Analyze the given sensor data values and identify the device's location. Choose from: Meeting Room, Charging Station, Server Rack.","1013.23,45.99,20.36,57.71,4,3,4,164",### Response:
"Determine the location of the device using the sensor readings. Possible locations include: Meeting Room, Charging Station, Server Rack.","1007.0,31.75,21.82,69.46,0,1,9,155",### Response:
"Analyze the given sensor data values and identify the device's location. Choose from: Meeting Room, Charging Station, Server Rack.","1004.7,44.3,28.61,45.68,0,7,8,180",### Response:
"Using the sensor data values recorded on a device, determine the location of the device. The possible locations are: Meeting Room, Charging Station, Server Rack.","1007.26,43.0,28.56,55.33,6,6,9,169",### Response:
"Using the sensor data values recorded on a device, determine the location of the device. The possible locations are: Meeting Room, Charging Station, Server Rack.","1018.05,66.29,28.13,58.05,0,7,9,182",### Response:
"Determine the location of the device using the sensor readings. Possible locations include: Meeting Room, Charging Station, Server Rack.","1002.45,31.47,27.78,39.83,5,8,3,149",### Response:
"Determine the location of the device using the sensor readings. Possible locations include: Meeting Room, Charging Station, Server Rack.","1005.37,53.23,27.38,45.04,3,2,3,198",### Response:
"Analyze the given sensor data values and identify the device's location. Choose from: Meeting Room, Charging Station, Server Rack.","1001.91,47.92,21.75,68.29,4,3,3,131",### Response:
"Based on the sensor data values provided, specify the location of the device. The options are: Meeting Room, Charging Station, Server Rack.","1012.14,32.73,29.92,52.02,0,4,4,174",### Response:
"Analyze the given sensor data values and identify the device's location. Choose from: Meeting Room, Charging Station, Server Rack.","1006.45,67.45,22.52,56.53,9,2,7,140",### Response:
"Determine the location of the device using the sensor readings. Possible locations include: Meeting Room, Charging Station, Server Rack.","1006.09,32.4,22.88,66.75,4,9,6,99",### Response:
"Analyze the given sensor data values and identify the device's location. Choose from: Meeting Room, Charging Station, Server Rack.","1010.68,48.02,26.49,32.08,5,1,1,193",### Response:
"Given the sensor values, identify the location of the device from the following options: Meeting Room, Charging Station, Server Rack.","1018.28,47.12,26.1,43.68,6,5,7,56",### Response:
"Based on the sensor data values provided, specify the location of the device. The options are: Meeting Room, Charging Station, Server Rack.","1007.16,61.53,18.78,32.78,7,9,3,161",### Response:
"Given the sensor values, identify the location of the device from the following options: Meeting Room, Charging Station, Server Rack.","1000.65,30.48,18.07,43.16,3,4,0,142",### Response:
"Using the sensor data values recorded on a device, determine the location of the device. The possible locations are: Meeting Room, Charging Station, Server Rack.","1006.2,37.86,23.17,42.21,2,8,3,166",### Response:
"Analyze the given sensor data values and identify the device's location. Choose from: Meeting Room, Charging Station, Server Rack.","1011.3,66.6,26.68,63.18,9,9,3,169",### Response:
"Using the sensor data values recorded on a device, determine the location of the device. The possible locations are: Meeting Room, Charging Station, Server Rack.","1001.03,38.73,21.33,66.73,7,8,0,89",### Response:
"Using the sensor data values recorded on a device, determine the location of the device. The possible locations are: Meeting Room, Charging Station, Server Rack.","1008.33,37.63,23.69,52.81,0,3,0,105",### Response:
"Given the sensor values, identify the location of the device from the following options: Meeting Room, Charging Station, Server Rack.","1000.2,40.16,27.0,49.82,2,8,7,129",### Response:
"Using the sensor data values recorded on a device, determine the location of the device. The possible locations are: Meeting Room, Charging Station, Server Rack.","1012.91,67.07,19.25,60.02,2,7,1,77",### Response:
"Using the sensor data values recorded on a device, determine the location of the device. The possible locations are: Meeting Room, Charging Station, Server Rack.","1014.61,59.23,19.97,64.03,3,0,7,76",### Response:
"Analyze the given sensor data values and identify the device's location. Choose from: Meeting Room, Charging Station, Server Rack.","1001.62,62.69,29.82,40.97,5,5,1,103",### Response:
"Determine the location of the device using the sensor readings. Possible locations include: Meeting Room, Charging Station, Server Rack.","1000.56,69.89,24.99,44.33,0,9,1,103",### Response:
"Using the sensor data values recorded on a device, determine the location of the device. The possible locations are: Meeting Room, Charging Station, Server Rack.","1009.89,41.64,25.42,38.3,1,2,0,115",### Response:
"Given the sensor values, identify the location of the device from the following options: Meeting Room, Charging Station, Server Rack.","1002.51,36.61,29.87,39.76,5,6,1,92",### Response:
"Determine the location of the device using the sensor readings. Possible locations include: Meeting Room, Charging Station, Server Rack.","1010.07,56.49,22.0,54.4,5,6,5,79",### Response:
"Determine the location of the device using the sensor readings. Possible locations include: Meeting Room, Charging Station, Server Rack.","1010.56,63.39,20.92,59.83,5,7,7,61",### Response:
"Determine the location of the device using the sensor readings. Possible locations include: Meeting Room, Charging Station, Server Rack.","1005.93,66.36,19.94,49.69,5,4,9,151",### Response:
"Analyze the given sensor data values and identify the device's location. Choose from: Meeting Room, Charging Station, Server Rack.","1007.4,42.87,28.44,60.07,8,8,7,169",### Response:
"Analyze the given sensor data values and identify the device's location. Choose from: Meeting Room, Charging Station, Server Rack.","1003.43,38.47,27.29,62.96,0,0,6,155",### Response:
"Using the sensor data values recorded on a device, determine the location of the device. The possible locations are: Meeting Room, Charging Station, Server Rack.","1004.24,36.42,26.77,38.45,9,7,0,152",### Response:
"Determine the location of the device using the sensor readings. Possible locations include: Meeting Room, Charging Station, Server Rack.","1007.76,67.13,22.27,31.86,5,3,2,148",### Response:
"Given the sensor values, identify the location of the device from the following options: Meeting Room, Charging Station, Server Rack.","1001.22,68.14,26.94,34.37,9,2,9,120",### Response:
"Analyze the given sensor data values and identify the device's location. Choose from: Meeting Room, Charging Station, Server Rack.","1014.78,32.83,23.58,40.12,5,3,3,83",### Response:
"Given the sensor values, identify the location of the device from the following options: Meeting Room, Charging Station, Server Rack.","1017.5,58.13,29.82,69.21,6,8,9,77",### Response:
"Using the sensor data values recorded on a device, determine the location of the device. The possible locations are: Meeting Room, Charging Station, Server Rack.","1005.08,58.8,22.78,54.79,7,3,6,88",### Response:
"Analyze the given sensor data values and identify the device's location. Choose from: Meeting Room, Charging Station, Server Rack.","1016.59,54.46,23.11,65.74,1,9,1,138",### Response:
"Analyze the given sensor data values and identify the device's location. Choose from: Meeting Room, Charging Station, Server Rack.","1004.25,58.54,20.97,36.78,4,1,0,73",### Response:
"Using the sensor data values recorded on a device, determine the location of the device. The possible locations are: Meeting Room, Charging Station, Server Rack.","1019.91,53.54,18.15,40.21,2,5,8,152",### Response:
"Using the sensor data values recorded on a device, determine the location of the device. The possible locations are: Meeting Room, Charging Station, Server Rack.","1004.24,62.18,27.06,53.51,5,1,7,107",### Response:
"Using the sensor data values recorded on a device, determine the location of the device. The possible locations are: Meeting Room, Charging Station, Server Rack.","1005.3,38.44,29.99,57.79,8,8,2,179",### Response:
"Using the sensor data values recorded on a device, determine the location of the device. The possible locations are: Meeting Room, Charging Station, Server Rack.","1017.68,61.83,21.82,36.27,0,0,8,116",### Response:
"Based on the sensor data values provided, specify the location of the device. The options are: Meeting Room, Charging Station, Server Rack.","1016.25,49.68,22.59,58.97,7,3,3,130",### Response:
"Given the sensor values, identify the location of the device from the following options: Meeting Room, Charging Station, Server Rack.","1011.86,57.05,25.66,59.91,3,5,4,112",### Response:
"Based on the sensor data values provided, specify the location of the device. The options are: Meeting Room, Charging Station, Server Rack.","1015.36,52.6,18.85,51.68,6,9,6,108",### Response:
"Given the sensor values, identify the location of the device from the following options: Meeting Room, Charging Station, Server Rack.","1002.99,51.87,25.98,38.98,5,2,9,171",### Response:
"Analyze the given sensor data values and identify the device's location. Choose from: Meeting Room, Charging Station, Server Rack.","1019.76,65.52,19.43,55.98,0,6,8,87",### Response:
"Given the sensor values, identify the location of the device from the following options: Meeting Room, Charging Station, Server Rack.","1010.52,32.28,19.92,53.92,9,3,5,112",### Response:
"Given the sensor values, identify the location of the device from the following options: Meeting Room, Charging Station, Server Rack.","1007.48,68.94,22.52,47.74,8,7,2,76",### Response:
"Based on the sensor data values provided, specify the location of the device. The options are: Meeting Room, Charging Station, Server Rack.","1018.12,35.05,28.22,69.9,8,3,9,179",### Response:
"Analyze the given sensor data values and identify the device's location. Choose from: Meeting Room, Charging Station, Server Rack.","1002.83,54.38,18.19,34.52,6,3,8,57",### Response:
"Based on the sensor data values provided, specify the location of the device. The options are: Meeting Room, Charging Station, Server Rack.","1000.33,43.18,29.38,43.42,4,1,8,66",### Response:
"Determine the location of the device using the sensor readings. Possible locations include: Meeting Room, Charging Station, Server Rack.","1005.3,50.4,24.84,53.96,5,0,9,64",### Response:
"Analyze the given sensor data values and identify the device's location. Choose from: Meeting Room, Charging Station, Server Rack.","1003.14,50.24,19.25,35.57,6,2,9,192",### Response:
"Analyze the given sensor data values and identify the device's location. Choose from: Meeting Room, Charging Station, Server Rack.","1004.4,60.69,23.82,44.66,0,0,9,127",### Response:
"Based on the sensor data values provided, specify the location of the device. The options are: Meeting Room, Charging Station, Server Rack.","1018.76,48.14,26.19,52.78,9,3,0,69",### Response:
"Analyze the given sensor data values and identify the device's location. Choose from: Meeting Room, Charging Station, Server Rack.","1012.28,59.6,23.36,41.71,6,3,4,156",### Response:
"Based on the sensor data values provided, specify the location of the device. The options are: Meeting Room, Charging Station, Server Rack.","1013.19,31.72,20.64,38.21,2,6,8,132",### Response:
